{"stat.pickup.minecraft.wooden_slab":9,"stat.leaveGame":10,"stat.pickup.vampirism.item_garlic":161,"stat.entityKilledBy.toroquest_sentry":5,"stat.pickup.tconstruct.edible":3,"stat.craftItem.minecraft.shield":1,"stat.drop.minecraft.feather":23,"stat.mineBlock.bewitchment.silver_ore":12,"stat.pickup.minecraft.rotten_flesh":4,"stat.craftItem.minecraft.stone_axe":2,"stat.drop.rootsclassic.nightshade":1,"stat.mineBlock.minecraft.wooden_slab":6,"stat.pickup.minecraft.leather_boots":1,"stat.pickup.harvestcraft.radishitem":1,"stat.craftItem.minecraft.iron_shovel":1,"stat.pickup.minecraft.brown_mushroom":3,"stat.pickup.rootsclassic.nightshade":3,"stat.pickup.harvestcraft.scallionitem":2,"stat.drop.minecraft.gold_ingot":76,"stat.useItem.minecraft.iron_pickaxe":8,"stat.craftItem.minecraft.wooden_pickaxe":1,"stat.drop.vampirism.item_garlic":161,"stat.useItem.harvestcraft.agaveitem":1,"stat.useItem.minecraft.iron_shovel":37,"stat.pickup.harvestcraft.rhubarbitem":2,"stat.pickup.harvestcraft.onionitem":8,"stat.mineBlock.chisel.marble2":8,"stat.furnaceInteraction":12,"stat.mineBlock.botania.flower":7,"stat.pickup.harvestcraft.cornitem":8,"stat.pickup.harvestcraft.brusselsproutitem":1,"stat.drop.minecraft.cactus":90,"stat.drop.bewitchment.belladonna_seeds":1,"stat.pickup.minecraft.leather_helmet":1,"stat.useItem.minecraft.fence":186,"stat.pickup.tombstone.gift":1,"stat.mineBlock.minecraft.fence":16,"stat.pickup.dynamictrees.oakseed":63,"stat.drop.harvestcraft.beetitem":15,"stat.mineBlock.quark.crystal":2,"stat.deaths":16,"stat.drop.harvestcraft.artichokeitem":36,"stat.pickup.minecraft.egg":2,"stat.craftItem.minecraft.iron_pickaxe":2,"stat.drop.minecraft.glass_bottle":176,"stat.pickup.chisel.marble2":2,"stat.mineBlock.minecraft.tallgrass":75,"stat.chestOpened":127,"stat.pickup.minecraft.arrow":121,"stat.pickup.minecraft.iron_sword":3,"stat.drop.harvestcraft.oatsitem":34,"stat.pickup.harvestcraft.chilipepperitem":69,"stat.drop.minecraft.iron_pickaxe":4,"stat.pickup.minecraft.carrot":108,"stat.pickup.bewitchment.silver_ore":12,"stat.crouchOneCm":8686,"stat.mineBlock.minecraft.chest":9,"stat.craftItem.minecraft.iron_ingot":32,"stat.craftingTableInteraction":26,"stat.pickup.harvestcraft.agaveitem":2,"stat.entityKilledBy.Hunter":1,"stat.pickup.minecraft.dye":5,"stat.pickup.minecraft.planks":9,"stat.pickup.minecraft.wheat_seeds":8,"stat.mineBlock.minecraft.dirt":22,"stat.flowerPotted":1,"stat.useItem.minecraft.cobblestone":8,"stat.mineBlock.minecraft.double_plant":10,"stat.pickup.minecraft.iron_pickaxe":4,"stat.drop.minecraft.carrot":36,"stat.useItem.howlingmoon.silver_sword":38,"stat.pickup.minecraft.apple":1,"stat.drop.dynamictrees.oakseed":26,"stat.craftItem.minecraft.bucket":1,"stat.craftItem.minecraft.planks":652,"stat.useItem.minecraft.iron_sword":380,"stat.pickup.guideapi.vampirism-guide":18,"stat.useItem.harvestcraft.artichokeitem":2,"stat.pickup.harvestcraft.sisalitem":2,"stat.pickup.croparia.cherry":2,"stat.useItem.harvestcraft.elderberryitem":1,"stat.pickup.minecraft.red_flower":15,"stat.pickup.bewitchment.hellebore_seeds":4,"stat.pickup.bewitchment.silver_ingot":30,"stat.useItem.minecraft.iron_axe":73,"stat.mineBlock.minecraft.cobblestone":26,"stat.mineBlock.minecraft.yellow_flower":6,"stat.pickup.minecraft.leather_chestplate":1,"stat.pickup.howlingmoon.wolfsbane":3,"stat.mineBlock.vampirism.altar_inspiration":1,"stat.useItem.croparia.seed_crop_iron":2,"stat.drop.minecraft.cobblestone":64,"stat.pickup.croparia.seed_crop_coal":21,"stat.useItem.harvestcraft.wintersquashitem":1,"stat.pickup.vampiresneedumbrellas.lime_green_iron_umbrella":17,"stat.pickup.harvestcraft.broccoliitem":20,"stat.pickup.mysticalworld.silkworm_egg":58,"stat.pickup.harvestcraft.jicamaitem":3,"stat.flyOneCm":806014,"stat.drop.minecraft.iron_helmet":11,"stat.pickup.harvestcraft.cranberryitem":2,"stat.pickup.bewitchment.mandrake_seeds":1,"stat.drop.minecraft.chainmail_chestplate":3,"stat.timeSinceDeath":8331,"stat.pickup.vampirism.vampire_book":17,"stat.useItem.minecraft.wooden_slab":2,"stat.pickup.hatchery.chickenmanure":9,"stat.pickup.harvestcraft.whitemushroomitem":1,"stat.pickup.harvestcraft.beanitem":1,"stat.useItem.minecraft.potato":10,"stat.pickup.bewitchment.cypress_sapling":4,"stat.mineBlock.minecraft.coal_ore":38,"stat.pickup.minecraft.shield":1,"stat.talkedToVillager":1,"stat.pickup.dynamictreestconstruct.slimepurpleseed":3,"stat.entityKilledBy.Skeleton":1,"stat.sprintOneCm":316515,"stat.pickup.rootsclassic.oldroot":2,"stat.drop.tconstruct.slime_congealed":272,"stat.waystones:waystonesActivated":3,"stat.pickup.harvestcraft.quinoaitem":17,"stat.pickup.minecraft.leather_leggings":1,"stat.pickup.harvestcraft.mustardseedsitem":3,"stat.pickup.harvestcraft.flaxitem":5,"stat.drop.tombstone.grave_key":6,"stat.pickup.tombstone.grave_key":6,"stat.pickup.croparia.seed_crop_iron":4,"stat.diveOneCm":38488,"stat.craftItem.minecraft.slime_ball":4,"stat.pickup.minecraft.wheat":18,"stat.drop.vampirism.vampire_book":17,"stat.jump":3547,"stat.useItem.minecraft.sand":7,"stat.pickup.minecraft.coal":38,"stat.pickup.minecraft.iron_ingot":14,"stat.pickup.minecraft.dirt":1116,"stat.drop.minecraft.iron_shovel":18,"stat.mineBlock.harvestcraft.aridgarden":2,"stat.damageTaken":7388,"stat.pickup.bewitchment.ravens_feather":1,"stat.mineBlock.minecraft.torch":1,"stat.mineBlock.minecraft.red_flower":2,"stat.pickup.ebwizardry.crystal_flower":2,"stat.drop.tconstruct.slimesling":3,"stat.drop.croparia.rake":15,"stat.pickup.minecraft.bed":15,"stat.pickup.minecraft.potato":10,"stat.pickup.harvestcraft.lettuceitem":48,"stat.pickup.harvestcraft.oatsitem":38,"stat.pickup.bewitchment.oak_apple_gall":185,"stat.useItem.minecraft.air":59,"stat.craftItem.vampiresneedumbrellas.lime_green_iron_umbrella":2,"stat.useItem.minecraft.chest":8,"stat.pickup.howlingmoon.silver_sword":1,"stat.drop.minecraft.wheat":6,"stat.useItem.harvestcraft.sisalitem":1,"stat.pickup.harvestcraft.greengrapeitem":23,"stat.pickup.divinerpg.divine_log":5,"stat.useItem.tombstone.gift":1,"stat.drop.minecraft.wooden_slab":2,"stat.pickup.croparia.orange":3,"stat.mineBlock.minecraft.stonebrick":1,"stat.pickup.harvestcraft.cucumberitem":114,"stat.pickup.harvestcraft.strawberryitem":58,"stat.mineBlock.minecraft.glowstone":2,"stat.mobKills":61,"stat.drop.vampiresneedumbrellas.lime_green_iron_umbrella":17,"stat.pickup.minecraft.beetroot_seeds":8,"stat.mineBlock.wings.fairy_dust_ore":2,"stat.pickup.minecraft.torch":2,"stat.mineBlock.bewitchment.salt_ore":1,"stat.pickup.evilcraft.werewolf_flesh":34,"stat.drop.minecraft.arrow":115,"stat.pickup.harvestcraft.beetitem":17,"stat.drop.croparia.lemon":16,"stat.useItem.howlingmoon.wolfsbane":2,"stat.mineBlock.ebwizardry.crystal_flower":2,"stat.craftItem.minecraft.iron_axe":2,"stat.drop.bewitchment.oak_apple_gall":13,"stat.useItem.minecraft.planks":1,"stat.pickup.minecraft.glowstone_dust":6,"stat.drop.tconstruct.slime_boots":3,"stat.pickup.tconstruct.slimesling":4,"stat.mineBlock.minecraft.red_mushroom":1,"stat.useItem.minecraft.water_bucket":15,"stat.pickup.minecraft.sand":12,"stat.pickup.harvestcraft.sweetpotatoitem":2,"stat.pickup.harvestcraft.wintersquashitem":6,"stat.pickup.minecraft.wooden_hoe":17,"stat.craftItem.minecraft.stone_sword":3,"stat.pickup.minecraft.chainmail_chestplate":3,"stat.mineBlock.minecraft.sand":10,"stat.drop.mysticalworld.silkworm_egg":16,"stat.pickup.minecraft.armor_stand":1,"stat.mineBlock.bewitchment.cypress_sapling":1,"stat.killEntity.divinerpg.miner":1,"stat.pickup.quark.crystal":2,"stat.pickup.harvestcraft.turnipitem":27,"stat.pickup.croparia.lemon":18,"stat.pickup.minecraft.furnace":4,"stat.mineBlock.harvestcraft.windygarden":32,"stat.drop.harvestcraft.turnipitem":26,"stat.drop.minecraft.wooden_hoe":17,"stat.mineBlock.divinerpg.divine_log":5,"stat.mineBlock.minecraft.oak_stairs":12,"stat.playOneMinute":370901,"stat.pickup.mysticalworld.aubergine_seed":6,"stat.drop.harvestcraft.cottonitem":16,"stat.pickup.minecraft.iron_bars":4,"stat.pickup.harvestcraft.cottonitem":18,"stat.mineBlock.divinerpg.divine_leaves":14,"stat.pickup.harvestcraft.tomatoitem":1,"stat.pickup.harvestcraft.tomatilloitem":1,"stat.pickup.howlingmoon.potion_wolfsbane":1,"stat.killEntity.toroquest_sentry":56,"stat.craftItem.minecraft.iron_hoe":1,"stat.fallOneCm":44430,"stat.useItem.harvestcraft.chilipepperitem":3,"stat.craftItem.minecraft.chest":6,"stat.pickup.minecraft.red_mushroom":1,"stat.useItem.minecraft.iron_hoe":8,"stat.entityKilledBy.Werewolf":1,"stat.pickup.minecraft.feather":28,"stat.drop.minecraft.iron_leggings":61,"stat.drop.minecraft.bone":108,"stat.useItem.minecraft.furnace":2,"stat.drop.harvestcraft.cucumberitem":102,"stat.pickup.minecraft.iron_leggings":61,"stat.mineBlock.minecraft.gravel":3,"stat.useItem.minecraft.stone_pickaxe":200,"stat.useItem.croparia.seed_crop_coal":15,"stat.craftItem.minecraft.iron_leggings":1,"stat.useItem.minecraft.stone_sword":46,"stat.drop.harvestcraft.cabbageitem":18,"stat.pickup.minecraft.chainmail_boots":1,"stat.useItem.minecraft.iron_bars":2,"stat.mineBlock.minecraft.monster_egg":1,"stat.drop.botania.flower":4,"stat.pickup.minecraft.crafting_table":5,"stat.craftItem.minecraft.crafting_table":1,"stat.pickup.minecraft.iron_hoe":10,"stat.pickup.minecraft.redstone_block":20,"stat.pickup.minecraft.log":169,"stat.drop.minecraft.stonebrick":66,"stat.pickup.croparia.apricot":1,"stat.entityKilledBy.bewitchment.snake":1,"stat.pickup.minecraft.wooden_door":1,"stat.pickup.croparia.rake":15,"stat.drop.harvestcraft.broccoliitem":16,"stat.pickup.minecraft.beetroot":3,"stat.pickup.harvestcraft.parsnipitem":1,"stat.pickup.harvestcraft.juteitem":1,"stat.pickup.tconstruct.slime_boots":3,"stat.useItem.minecraft.beetroot_seeds":1,"stat.sneakTime":4858,"stat.pickup.harvestcraft.tealeafitem":1,"stat.pickup.minecraft.yellow_flower":8,"stat.useItem.minecraft.beetroot":3,"stat.pickup.minecraft.chest":9,"stat.useItem.croparia.orange":1,"stat.pickup.minecraft.bone":112,"stat.craftItem.divinerpg.divine_planks":20,"stat.mineBlock.minecraft.brown_mushroom":1,"stat.drop.bewitchment.silver_ingot":30,"stat.craftItem.tconstruct.slimesling":1,"stat.swimOneCm":54184,"stat.climbOneCm":11301,"stat.pickup.harvestcraft.artichokeitem":42,"stat.useItem.harvestcraft.strawberryitem":1,"stat.pickup.harvestcraft.okraitem":3,"stat.useItem.minecraft.dirt":10,"stat.pickup.croparia.fruit_coal":4,"stat.drop.harvestcraft.strawberryitem":51,"stat.drop.evilcraft.werewolf_flesh":33,"stat.craftItem.minecraft.stone_pickaxe":2,"stat.pickup.minecraft.cobblestone":162,"stat.mineBlock.minecraft.carpet":7,"stat.craftItem.vampiresneedumbrellas.iron_umbrella_rod":4,"stat.mineBlock.minecraft.redstone_block":2,"stat.pickup.minecraft.glass_bottle":176,"stat.drop.minecraft.wheat_seeds":1,"stat.pickup.minecraft.cactus":91,"stat.pickup.harvestcraft.leekitem":2,"stat.mineBlock.minecraft.iron_ore":32,"stat.useItem.harvestcraft.cornitem":2,"stat.pickup.minecraft.stonebrick":66,"stat.pickup.minecraft.redstone_lamp":1,"stat.drop.minecraft.dirt":1091,"stat.pickup.minecraft.iron_shovel":18,"stat.pickup.minecraft.carpet":7,"stat.pickup.howlingmoon.hunter_banner":1,"stat.mineBlock.minecraft.grass":37,"stat.craftItem.tconstruct.slime_boots":1,"stat.drop.guideapi.vampirism-guide":18,"stat.craftItem.minecraft.stick":304,"stat.mineBlock.mysticalworld.granite_quartz_ore":3,"stat.pickup.harvestcraft.barleyitem":7,"stat.mineBlock.minecraft.crafting_table":5,"stat.useItem.minecraft.carrot":2,"stat.drop.harvestcraft.quinoaitem":15,"stat.pickup.botania.flower":15,"stat.mineBlock.howlingmoon.wolfsbane":3,"stat.mineBlock.minecraft.planks":10,"stat.drop":811,"stat.drop.harvestcraft.lettuceitem":44,"stat.drop.minecraft.redstone_block":18,"stat.pickup.harvestcraft.garlicitem":4,"stat.mineBlock.botania.doubleflower1":1,"stat.pickup.vampirism.altar_inspiration":1,"stat.pickup.minecraft.gravel":2,"stat.pickup.mysticalworld.copper_helmet":1,"stat.mineBlock.quark.roots_black_flower":2,"stat.pickup.harvestcraft.blackberryitem":1,"stat.pickup.minecraft.fence":15,"stat.pickup.minecraft.iron_helmet":11,"stat.useItem.minecraft.stone_axe":20,"stat.pickup.harvestcraft.peanutitem":8,"stat.mineBlock.harvestcraft.shadedgarden":8,"stat.craftItem.minecraft.iron_helmet":1,"stat.pickup.harvestcraft.bellpepperitem":6,"stat.mineBlock.harvestcraft.frostgarden":3,"stat.pickup.minecraft.iron_ore":32,"stat.pickup.tconstruct.slime_congealed":292,"stat.mineBlock.minecraft.iron_bars":4,"stat.drop.minecraft.iron_hoe":10,"stat.mineBlock.minecraft.furnace":4,"stat.useItem.minecraft.wooden_pickaxe":25,"stat.drop.minecraft.water_bucket":2,"tombstone:undead_killed":3,"stat.pickup.bewitchment.wormwood_seeds":1,"stat.pickup.minecraft.oak_stairs":5,"stat.pickup.bewitchment.belladonna_seeds":4,"stat.damageDealt":12976,"stat.sleepInBed":8,"stat.pickup.croparia.fruit_iron":5,"stat.drop.harvestcraft.greengrapeitem":22,"stat.pickup.harvestcraft.elderberryitem":7,"stat.craftItem.minecraft.iron_sword":2,"stat.craftItem.minecraft.stone_shovel":2,"stat.walkOneCm":1459565,"stat.drop.harvestcraft.chilipepperitem":60,"stat.pickup.minecraft.stick":60,"stat.pickup.rootsclassic.verdantsprig":2,"stat.drop.bewitchment.cypress_sapling":1,"stat.pickup.harvestcraft.cabbageitem":20,"stat.drop.croparia.fruit_iron":2,"stat.pickup.quark.root_flower":3,"stat.mineBlock.minecraft.wool":1,"stat.pickup.harvestcraft.zucchiniitem":3,"stat.pickup.minecraft.gold_ingot":92,"stat.killEntity.Skeleton":2,"stat.entityKilledBy.divinerpg.desert_crawler":1,"stat.pickup.harvestcraft.amaranthitem":7,"stat.pickup.bewitchment.salt":5,"stat.pickup.minecraft.quartz":6,"stat.craftItem.minecraft.fence":408,"stat.pickup.bewitchment.garlic_seeds":1,"stat.pickup.minecraft.water_bucket":2,"stat.useItem.harvestcraft.broccoliitem":1,"stat.killEntity.bewitchment.snake":1,"stat.mineBlock.harvestcraft.soggygarden":2,"stat.mineBlock.minecraft.stone":88}