{"stat.mineBlock.quark.roots_white_flower":1,"stat.pickup.minecraft.wooden_slab":3,"stat.craftItem.vampirism.altar_inspiration":1,"stat.leaveGame":12,"stat.pickup.vampirism.item_garlic":77,"stat.entityKilledBy.toroquest_sentry":10,"stat.pickup.tconstruct.edible":14,"stat.killEntity.vampirism.vampire":2,"stat.mineBlock.minecraft.web":5,"stat.drop.minecraft.feather":10,"stat.pickup.xreliquary.mob_ingredient":7,"stat.drop.minecraft.iron_sword":2,"stat.pickup.minecraft.rotten_flesh":7,"stat.pickup.croparia.pear":2,"stat.mineBlock.minecraft.wooden_slab":1,"stat.pickup.minecraft.leather_boots":3,"stat.pickup.harvestcraft.radishitem":1,"stat.craftItem.minecraft.iron_shovel":2,"stat.pickup.rootsclassic.nightshade":1,"stat.pickup.harvestcraft.scallionitem":4,"stat.drop.minecraft.gold_ingot":28,"stat.useItem.minecraft.iron_pickaxe":3,"stat.drop.vampirism.item_garlic":70,"stat.useItem.harvestcraft.agaveitem":3,"stat.useItem.minecraft.iron_shovel":191,"stat.pickup.harvestcraft.rhubarbitem":4,"stat.pickup.harvestcraft.onionitem":12,"stat.useItem.minecraft.golden_carrot":2,"stat.furnaceInteraction":29,"stat.pickup.harvestcraft.cornitem":6,"stat.drop.vampirism.blood_bottle":5,"stat.craftItem.vampirism.item_coffin":1,"stat.pickup.harvestcraft.brusselsproutitem":3,"stat.drop.bewitchment.belladonna_seeds":1,"stat.pickup.minecraft.leather_helmet":3,"stat.pickup.howlingmoon.moonstone":2,"stat.mineBlock.minecraft.fence":2,"stat.pickup.tombstone.scroll_buff":1,"stat.pickup.minecraft.emerald":4,"stat.pickup.dynamictrees.oakseed":1,"stat.drop.harvestcraft.beetitem":6,"stat.useItem.minecraft.dye":100,"stat.mineBlock.quark.crystal":8,"stat.pickup.vampiresneedumbrellas.yellow_iron_umbrella":4,"stat.deaths":28,"stat.craftItem.minecraft.iron_pickaxe":3,"stat.pickup.minecraft.item_frame":6,"stat.drop.minecraft.iron_ingot":14,"stat.drop.minecraft.glass_bottle":117,"stat.pickup.chisel.marble2":2,"stat.mineBlock.minecraft.tallgrass":149,"stat.chestOpened":277,"stat.pickup.divinerpg.realmite_ingot":7,"stat.pickup.botania.mushroom":1,"stat.drop.xreliquary.mob_ingredient":2,"stat.pickup.minecraft.arrow":15,"stat.pickup.minecraft.iron_sword":5,"stat.pickup.minecraft.wooden_pressure_plate":4,"stat.pickup.divinerpg.arlemite_ore":4,"stat.pickup.harvestcraft.chilipepperitem":6,"stat.drop.minecraft.iron_pickaxe":1,"stat.mineBlock.botania.mushroom":3,"stat.pickup.minecraft.carrot":114,"stat.crouchOneCm":9070,"stat.mineBlock.minecraft.chest":9,"stat.craftItem.minecraft.iron_ingot":34,"stat.craftingTableInteraction":29,"stat.mineBlock.minecraft.wooden_pressure_plate":1,"stat.pickup.harvestcraft.agaveitem":3,"stat.pickup.ebwizardry.identification_scroll":2,"stat.pickup.minecraft.dye":211,"stat.pickup.minecraft.planks":4,"stat.pickup.bewitchment.opal":6,"stat.pickup.minecraft.wheat_seeds":14,"stat.craftItem.tconstruct.slime_congealed":3,"stat.mineBlock.minecraft.dirt":211,"stat.pickup.evilcraft.origins_of_darkness":1,"stat.useItem.minecraft.cobblestone":3,"stat.mineBlock.minecraft.double_plant":2,"stat.pickup.minecraft.iron_pickaxe":1,"stat.pickup.minecraft.chicken":4,"stat.useItem.howlingmoon.silver_sword":29,"stat.killEntity.vampirism.advanced_vampire":1,"stat.craftItem.minecraft.bucket":1,"stat.mineBlock.howlingmoon.hunter_banner":4,"stat.craftItem.minecraft.planks":52,"stat.useItem.minecraft.iron_sword":187,"stat.pickup.guideapi.vampirism-guide":2,"stat.pickup.minecraft.stone_sword":1,"stat.mineBlock.minecraft.log":2,"stat.pickup.harvestcraft.sisalitem":4,"stat.pickup.croparia.cherry":2,"stat.craftItem.croparia.rake":2,"stat.pickup.minecraft.red_flower":3,"stat.pickup.minecraft.wool":16,"stat.pickup.bewitchment.hellebore_seeds":5,"stat.pickup.bewitchment.silver_ingot":4,"stat.craftItem.tconstruct.edible":20,"stat.mineBlock.minecraft.yellow_flower":4,"stat.pickup.minecraft.leather_chestplate":3,"stat.pickup.howlingmoon.wolfsbane":1,"stat.craftItem.minecraft.wool":3,"stat.useItem.croparia.lemon":1,"stat.mineBlock.vampirism.altar_inspiration":1,"stat.useItem.croparia.seed_crop_iron":22,"stat.drop.divinerpg.terran_shards":1,"stat.pickup.vampirism.blood_bottle":6,"stat.pickup.harvestcraft.cactusfruititem":3,"stat.pickup.wings.fairy_dust":6,"stat.pickup.croparia.seed_crop_coal":90,"stat.pickup.minecraft.bow":1,"stat.mineBlock.tconstruct.slime_vine_purple_end":1,"stat.pickup.minecraft.diamond_horse_armor":3,"stat.drop.vampiresneedumbrellas.yellow_iron_umbrella":3,"stat.pickup.harvestcraft.broccoliitem":2,"stat.pickup.mysticalworld.silkworm_egg":23,"stat.mineBlock.howlingmoon.ore_silver":1,"stat.flyOneCm":3219976,"stat.pickup.bewitchment.aconitum_seeds":2,"stat.drop.harvestcraft.mustardseedsitem":1,"stat.timeSinceDeath":23190,"stat.useItem.croparia.iron_multitool":195,"stat.pickup.vampirism.vampire_book":8,"stat.pickup.hatchery.chickenmanure":7,"stat.pickup.harvestcraft.whitemushroomitem":2,"stat.pickup.harvestcraft.beanitem":1,"stat.useItem.minecraft.potato":23,"stat.drop.minecraft.wool":7,"stat.mineBlock.minecraft.coal_ore":3,"stat.talkedToVillager":9,"stat.pickup.dynamictreestconstruct.slimepurpleseed":3,"stat.pickup.minecraft.string":6,"stat.pickup.abyssalcraft.nitre":4,"stat.pickup.tombstone.crafting_ingredient":1,"stat.entityKilledBy.Skeleton":1,"stat.pickup.vampirism.holy_water_bottle":1,"stat.craftItem.tconstruct.tooltables":1,"stat.sprintOneCm":730535,"stat.pickup.vampirism.vampire_blood_bottle":12,"stat.pickup.rootsclassic.oldroot":3,"stat.mineBlock.minecraft.diamond_ore":11,"stat.drop.tconstruct.slime_congealed":16,"stat.waystones:waystonesActivated":4,"stat.pickup.harvestcraft.quinoaitem":3,"stat.pickup.minecraft.leather_leggings":6,"stat.pickup.harvestcraft.mustardseedsitem":1,"stat.craftItem.croparia.seed_crop_redstone":2,"stat.pickup.harvestcraft.cassavaitem":4,"stat.pickup.harvestcraft.flaxitem":2,"stat.pickup.ebwizardry.ruined_spell_book":1,"stat.drop.tombstone.grave_key":5,"stat.pickup.tombstone.grave_key":5,"stat.killEntity.Zombie":4,"stat.craftItem.minecraft.dye":105,"stat.pickup.croparia.seed_crop_iron":37,"stat.mineBlock.minecraft.gold_ore":6,"stat.diveOneCm":55297,"stat.pickup.minecraft.wheat":7,"stat.pickup.croparia.fruit_redstone":6,"stat.killEntity.quark:archaeologist":1,"stat.pickup.croparia.fruit_gold":14,"stat.useItem.minecraft.chicken":4,"stat.drop.vampirism.vampire_book":5,"stat.jump":4803,"stat.useItem.minecraft.sand":63,"stat.pickup.minecraft.coal":3,"stat.pickup.minecraft.iron_ingot":3,"stat.pickup.minecraft.dirt":491,"stat.drop.minecraft.iron_shovel":1,"stat.mineBlock.wings.amethyst_ore":4,"stat.pickup.minecraft.stone_shovel":1,"stat.pickup.minecraft.gold_ore":6,"stat.mineBlock.minecraft.lapis_ore":2,"stat.mineBlock.harvestcraft.aridgarden":7,"stat.craftItem.croparia.seed_crop_gold":1,"stat.damageTaken":12694,"stat.pickup.ebwizardry.scroll":10,"stat.mineBlock.minecraft.torch":2,"stat.mineBlock.minecraft.red_flower":1,"stat.pickup.bewitchment.ravens_feather":2,"stat.drop.tconstruct.slimesling":4,"stat.drop.croparia.rake":10,"stat.pickup.minecraft.bed":6,"stat.pickup.minecraft.potato":38,"stat.entityKilledBy.Zombie":2,"stat.pickup.bewitchment.garnet":5,"stat.pickup.harvestcraft.lettuceitem":6,"stat.pickup.harvestcraft.oatsitem":4,"stat.pickup.bewitchment.oak_apple_gall":98,"stat.useItem.minecraft.air":113,"stat.pickup.mysticalworld.silver_ore":8,"stat.useItem.minecraft.chest":5,"stat.pickup.howlingmoon.silver_sword":3,"stat.useItem.harvestcraft.sisalitem":2,"stat.pickup.harvestcraft.greengrapeitem":3,"stat.pickup.vampirism.armor_of_swiftness_legs":1,"stat.useItem.tombstone.gift":1,"stat.drop.minecraft.potato":8,"stat.useItem.croparia.banana":1,"stat.pickup.croparia.orange":2,"stat.mineBlock.mysticalworld.amethyst_ore":3,"stat.mineBlock.minecraft.farmland":1,"stat.mineBlock.minecraft.stonebrick":2,"stat.pickup.harvestcraft.cucumberitem":36,"stat.pickup.harvestcraft.strawberryitem":30,"stat.mobKills":80,"stat.pickup.divinerpg.divine_planks":20,"stat.pickup.minecraft.diamond":16,"stat.mineBlock.wings.fairy_dust_ore":6,"stat.pickup.minecraft.torch":2,"stat.mineBlock.bewitchment.salt_ore":5,"stat.pickup.wings.amethyst":4,"stat.pickup.evilcraft.werewolf_flesh":12,"stat.drop.minecraft.arrow":2,"stat.mineBlock.bewitchment.amethyst_ore":1,"stat.pickup.harvestcraft.beetitem":9,"stat.pickup.tconstruct.book":1,"stat.drop.minecraft.mutton":1,"stat.craftItem.minecraft.iron_axe":1,"stat.killEntity.divinerpg.cave_crawler":5,"stat.drop.bewitchment.oak_apple_gall":4,"stat.useItem.minecraft.planks":3,"stat.pickup.minecraft.glowstone_dust":2,"stat.mineBlock.divinerpg.rupee_ore":1,"stat.drop.tconstruct.slime_boots":23,"stat.pickup.tconstruct.slimesling":4,"stat.mineBlock.divinerpg.realmite_ore":4,"stat.pickup.bewitchment.fortunes_favor":2,"stat.useItem.minecraft.water_bucket":2,"stat.pickup.minecraft.sand":76,"stat.pickup.harvestcraft.wintersquashitem":2,"stat.pickup.minecraft.wooden_hoe":6,"stat.useItem.minecraft.ender_pearl":1,"stat.mineBlock.minecraft.sand":78,"stat.pickup.quark.rune":2,"stat.craftItem.minecraft.wooden_hoe":2,"stat.drop.bewitchment.garlic_seeds":1,"stat.useItem.minecraft.spawn_egg":2,"stat.mineBlock.tconstruct.slime_grass_tall":3,"stat.pickup.minecraft.armor_stand":1,"stat.drop.croparia.banana":1,"stat.pickup.quark.crystal":8,"stat.pickup.harvestcraft.turnipitem":2,"stat.pickup.croparia.seed_crop_redstone":6,"stat.pickup.croparia.lemon":3,"stat.entityKilledBy.mutantbeasts.mutant_skeleton":1,"stat.drop.minecraft.wooden_hoe":3,"stat.useItem.minecraft.pumpkin_pie":2,"stat.pickup.tconstruct.slime_dirt":17,"stat.playOneMinute":466539,"stat.pickup.harvestcraft.cottonitem":2,"stat.pickup.harvestcraft.tomatoitem":2,"stat.craftItem.minecraft.carpet":3,"stat.pickup.harvestcraft.tomatilloitem":2,"stat.craftItem.croparia.iron_multitool":2,"stat.pickup.howlingmoon.potion_wolfsbane":1,"stat.drop.vampirism.altar_inspiration":1,"stat.killEntity.toroquest_sentry":46,"stat.craftItem.minecraft.iron_hoe":1,"stat.fallOneCm":96869,"stat.drop.minecraft.dye":120,"stat.craftItem.minecraft.chest":5,"stat.drop.howlingmoon.silver_sword":2,"stat.entityKilledBy.ebwizardry:evil_wizard":1,"stat.entityKilledBy.Werewolf":1,"stat.pickup.minecraft.feather":18,"stat.drop.minecraft.bone":4,"stat.mineBlock.mysticalworld.silver_ore":4,"stat.drop.harvestcraft.cucumberitem":12,"stat.pickup.minecraft.iron_leggings":2,"stat.mineBlock.minecraft.gravel":1,"stat.useItem.mysticalworld.silkworm_egg":1,"stat.useItem.croparia.seed_crop_coal":46,"stat.useItem.minecraft.stone_sword":5,"stat.pickup.bewitchment.amethyst":1,"stat.useItem.croparia.seed_crop_redstone":3,"stat.pickup.minecraft.crafting_table":2,"stat.mineBlock.ebwizardry.crystal_ore":4,"stat.mineBlock.minecraft.emerald_ore":4,"stat.pickup.minecraft.redstone_block":7,"stat.pickup.minecraft.log":13,"stat.drop.minecraft.stonebrick":21,"stat.pickup.croparia.rake":11,"stat.mineBlock.tconstruct.slime_grass":3,"stat.pickup.croparia.banana":2,"stat.useItem.minecraft.wooden_pressure_plate":1,"stat.pickup.minecraft.golden_sword":1,"stat.pickup.harvestcraft.juteitem":5,"stat.pickup.tconstruct.slime_boots":23,"stat.sneakTime":5647,"stat.pickup.harvestcraft.tealeafitem":2,"stat.pickup.minecraft.yellow_flower":4,"stat.useItem.croparia.rake":2,"stat.pickup.minecraft.chest":9,"stat.useItem.minecraft.web":1,"stat.pickup.minecraft.bone":22,"stat.pickup.divinerpg.terran_shards":2,"stat.craftItem.tconstruct.slimesling":1,"stat.swimOneCm":40996,"stat.climbOneCm":10118,"stat.pickup.harvestcraft.artichokeitem":4,"stat.mineBlock.evilcraft.dark_ore":3,"stat.useItem.minecraft.dirt":7,"stat.pickup.harvestcraft.chickpeaitem":1,"stat.pickup.croparia.fruit_coal":46,"stat.drop.harvestcraft.strawberryitem":24,"stat.drop.evilcraft.werewolf_flesh":6,"stat.pickup.minecraft.cobblestone":99,"stat.mineBlock.bewitchment.garnet_ore":5,"stat.craftItem.vampiresneedumbrellas.iron_umbrella_rod":2,"stat.useItem.croparia.seed_crop_gold":6,"stat.pickup.harvestcraft.lentilitem":3,"stat.pickup.vampirism.item_tent":5,"stat.useItem.minecraft.stone_shovel":3,"stat.craftItem.minecraft.glass_bottle":9,"stat.pickup.minecraft.glass_bottle":131,"stat.pickup.minecraft.cactus":22,"stat.pickup.harvestcraft.leekitem":8,"stat.pickup.minecraft.mutton":31,"stat.useItem.croparia.pear":2,"stat.pickup.minecraft.stonebrick":27,"stat.drop.minecraft.dirt":1,"stat.pickup.minecraft.iron_shovel":2,"stat.pickup.ebwizardry.magic_crystal":9,"stat.pickup.ebwizardry.smoke_bomb":1,"stat.pickup.howlingmoon.hunter_banner":4,"stat.pickup.divinerpg.rupee_ore":1,"stat.mineBlock.minecraft.grass":9,"stat.craftItem.tconstruct.slime_boots":1,"stat.useItem.tconstruct.slime_dirt":3,"stat.craftItem.minecraft.stick":20,"stat.pickup.harvestcraft.barleyitem":9,"stat.mineBlock.minecraft.crafting_table":1,"stat.useItem.minecraft.carrot":1,"stat.pickup.vampirism.item_coffin":3,"stat.drop.harvestcraft.quinoaitem":1,"stat.pickup.botania.flower":5,"stat.mineBlock.divinerpg.arlemite_ore":4,"stat.mineBlock.minecraft.planks":3,"stat.drop":174,"stat.craftItem.croparia.seed_crop_iron":1,"stat.drop.harvestcraft.lettuceitem":2,"stat.killEntity.Sheep":6,"stat.pickup.minecraft.slime_ball":6,"stat.drop.minecraft.redstone_block":5,"stat.pickup.harvestcraft.garlicitem":8,"stat.craftItem.vampiresneedumbrellas.yellow_iron_umbrella":1,"stat.pickup.vampirism.altar_inspiration":2,"stat.pickup.minecraft.gravel":1,"stat.mineBlock.abyssalcraft.nitreore":2,"stat.mineBlock.quark.roots_black_flower":1,"stat.mineBlock.tconstruct.slime_dirt":14,"stat.pickup.harvestcraft.blackberryitem":2,"stat.pickup.minecraft.fence":3,"stat.useItem.minecraft.wooden_hoe":85,"stat.useItem.minecraft.stone_axe":6,"stat.killEntity.Rooster":1,"stat.mineBlock.harvestcraft.shadedgarden":1,"stat.pickup.harvestcraft.peanutitem":4,"stat.pickup.minecraft.spider_eye":1,"stat.pickup.divinerpg.realmite_ore":4,"stat.pickup.vampirism.vampire_fang":1,"stat.pickup.harvestcraft.bellpepperitem":6,"stat.pickup.tconstruct.slime_congealed":37,"stat.pickup.evilcraft.dark_gem":5,"stat.killEntity.CaveSpider":1,"tombstone:undead_killed":6,"stat.pickup.bewitchment.wormwood_seeds":1,"stat.pickup.minecraft.oak_stairs":18,"stat.pickup.bewitchment.belladonna_seeds":4,"stat.pickup.croparia.seed_crop_gold":13,"stat.damageDealt":15396,"stat.craftItem.minecraft.glass":12,"stat.sleepInBed":5,"stat.pickup.croparia.fruit_iron":22,"stat.drop.harvestcraft.greengrapeitem":1,"stat.mineBlock.quark.roots_blue_flower":2,"stat.pickup.mysticalworld.amethyst_gem":3,"stat.pickup.harvestcraft.elderberryitem":6,"stat.craftItem.minecraft.iron_sword":1,"stat.walkOneCm":881839,"stat.pickup.minecraft.stick":15,"stat.pickup.rootsclassic.verdantsprig":4,"stat.pickup.harvestcraft.cabbageitem":3,"stat.killEntity.divinerpg.kobblin":1,"stat.pickup.quark.root_flower":4,"stat.drop.minecraft.leather_chestplate":2,"stat.pickup.harvestcraft.zucchiniitem":9,"stat.craftItem.minecraft.redstone":9,"stat.pickup.vampirism.hunter_coat_head":1,"stat.pickup.minecraft.gold_ingot":24,"stat.killEntity.Skeleton":2,"stat.pickup.vampirism.holy_salt":28,"stat.entityKilledBy.divinerpg.desert_crawler":1,"stat.pickup.harvestcraft.amaranthitem":4,"stat.drop.bewitchment.ravens_feather":1,"stat.pickup.bewitchment.salt":21,"stat.craftItem.minecraft.air":0,"stat.pickup.bewitchment.garlic_seeds":1,"stat.mineBlock.minecraft.stone":95}