{"name":"tombstone:undead_boss","entries":[{"entryName":"tombstone:magic_scroll_loot","weight":100,"quality":0,"type":"item","functions":[{"function":"tombstone:delayed_nbt_loot"},{"tag":"{enchant:1b}","function":"minecraft:set_nbt"},{"function":"tombstone:check_enabled"}],"name":"tombstone:magic_scroll"},{"entryName":"tombstone:crafting_ingredient_loot","weight":20,"quality":0,"type":"item","functions":[{"data":4.0,"function":"minecraft:set_data"},{"function":"tombstone:check_enabled"}],"name":"tombstone:crafting_ingredient"},{"entryName":"tombstone:gemstone_of_familiar_loot","weight":20,"quality":0,"type":"item","functions":[{"function":"tombstone:check_enabled"}],"name":"tombstone:gemstone_of_familiar"},{"entryName":"tombstone:receptacle_of_soul_loot","weight":50,"quality":0,"type":"item","functions":[{"function":"tombstone:check_enabled"}],"name":"tombstone:receptacle_of_soul"},{"entryName":"tombstone:scroll_buff_loot","weight":10,"quality":0,"type":"item","functions":[{"tag":"{enchant:1b,ancient:1b}","function":"minecraft:set_nbt"},{"data":0.0,"function":"minecraft:set_data"},{"function":"tombstone:check_enabled"}],"name":"tombstone:scroll_buff"},{"entryName":"tombstone:scroll_buff_loot","weight":10,"quality":0,"type":"item","functions":[{"tag":"{enchant:1b,ancient:1b}","function":"minecraft:set_nbt"},{"data":1.0,"function":"minecraft:set_data"},{"function":"tombstone:check_enabled"}],"name":"tombstone:scroll_buff"},{"entryName":"tombstone:scroll_buff_loot","weight":10,"quality":0,"type":"item","functions":[{"tag":"{enchant:1b,ancient:1b}","function":"minecraft:set_nbt"},{"data":2.0,"function":"minecraft:set_data"},{"function":"tombstone:check_enabled"}],"name":"tombstone:scroll_buff"},{"entryName":"tombstone:scroll_buff_loot","weight":10,"quality":0,"type":"item","functions":[{"tag":"{enchant:1b,ancient:1b}","function":"minecraft:set_nbt"},{"data":3.0,"function":"minecraft:set_data"},{"function":"tombstone:check_enabled"}],"name":"tombstone:scroll_buff"},{"entryName":"tombstone:scroll_buff_loot","weight":10,"quality":0,"type":"item","functions":[{"tag":"{enchant:1b,ancient:1b}","function":"minecraft:set_nbt"},{"data":4.0,"function":"minecraft:set_data"},{"function":"tombstone:check_enabled"}],"name":"tombstone:scroll_buff"},{"entryName":"tombstone:scroll_buff_loot","weight":10,"quality":0,"type":"item","functions":[{"tag":"{enchant:1b,ancient:1b}","function":"minecraft:set_nbt"},{"data":5.0,"function":"minecraft:set_data"},{"function":"tombstone:check_enabled"}],"name":"tombstone:scroll_buff"},{"entryName":"tombstone:scroll_buff_loot","weight":10,"quality":0,"type":"item","functions":[{"tag":"{enchant:1b,ancient:1b}","function":"minecraft:set_nbt"},{"data":6.0,"function":"minecraft:set_data"},{"function":"tombstone:check_enabled"}],"name":"tombstone:scroll_buff"},{"entryName":"tombstone:scroll_buff_loot","weight":10,"quality":0,"type":"item","functions":[{"tag":"{enchant:1b,ancient:1b}","function":"minecraft:set_nbt"},{"data":7.0,"function":"minecraft:set_data"},{"function":"tombstone:check_enabled"}],"name":"tombstone:scroll_buff"},{"entryName":"tombstone:scroll_buff_loot","weight":10,"quality":0,"type":"item","functions":[{"tag":"{enchant:1b,ancient:1b}","function":"minecraft:set_nbt"},{"data":8.0,"function":"minecraft:set_data"},{"function":"tombstone:check_enabled"}],"name":"tombstone:scroll_buff"},{"entryName":"tombstone:scroll_buff_loot","weight":10,"quality":0,"type":"item","functions":[{"tag":"{enchant:1b,ancient:1b}","function":"minecraft:set_nbt"},{"data":9.0,"function":"minecraft:set_data"},{"function":"tombstone:check_enabled"}],"name":"tombstone:scroll_buff"},{"entryName":"tombstone:magic_scroll_loot","weight":50,"quality":0,"type":"item","functions":[{"function":"tombstone:delayed_nbt_loot"},{"tag":"{enchant:1b,ancient:1b}","function":"minecraft:set_nbt"},{"function":"tombstone:check_enabled"}],"name":"tombstone:magic_scroll"},{"entryName":"tombstone:voodoo_poppet_loot","weight":100,"quality":0,"type":"item","functions":[{"function":"tombstone:delayed_nbt_loot"}],"name":"tombstone:voodoo_poppet"},{"entryName":"tombstone:receptacle_of_familiar_loot","weight":100,"quality":0,"type":"item","functions":[{"function":"tombstone:delayed_nbt_loot"}],"name":"tombstone:receptacle_of_familiar"},{"entryName":"tombstone:empty","weight":460,"quality":0,"type":"empty"}],"rolls":1.0}