{"name":"tombstone:lost_treasure","entries":[{"entryName":"tombstone:crafting_ingredient_loot","weight":10,"quality":0,"type":"item","functions":[{"data":4.0,"function":"minecraft:set_data"},{"function":"tombstone:check_enabled"}],"name":"tombstone:crafting_ingredient"},{"entryName":"tombstone:tablet_of_recall_loot","weight":3,"quality":0,"type":"item","functions":[{"tag":"{enchant:1b,ancient:1b}","function":"minecraft:set_nbt"},{"function":"tombstone:check_enabled"}],"name":"tombstone:tablet_of_recall"},{"entryName":"tombstone:tablet_of_home_loot","weight":3,"quality":0,"type":"item","functions":[{"tag":"{enchant:1b,ancient:1b}","function":"minecraft:set_nbt"},{"function":"tombstone:check_enabled"}],"name":"tombstone:tablet_of_home"},{"entryName":"tombstone:tablet_of_cupidity_loot","weight":3,"quality":0,"type":"item","functions":[{"tag":"{enchant:1b,ancient:1b}","function":"minecraft:set_nbt"},{"function":"tombstone:check_enabled"}],"name":"tombstone:tablet_of_cupidity"},{"entryName":"tombstone:tablet_of_assistance_loot","weight":3,"quality":0,"type":"item","functions":[{"tag":"{enchant:1b,ancient:1b}","function":"minecraft:set_nbt"},{"function":"tombstone:check_enabled"}],"name":"tombstone:tablet_of_assistance"},{"entryName":"tombstone:tablet_of_guard_loot","weight":3,"quality":0,"type":"item","functions":[{"tag":"{enchant:1b,ancient:1b}","function":"minecraft:set_nbt"},{"function":"tombstone:check_enabled"}],"name":"tombstone:tablet_of_guard"},{"entryName":"tombstone:scroll_of_knowledge_loot","weight":20,"quality":0,"type":"item","functions":[{"function":"tombstone:delayed_nbt_loot"}],"name":"tombstone:scroll_of_knowledge"},{"entryName":"tombstone:magic_scroll_loot","weight":50,"quality":0,"type":"item","functions":[{"function":"tombstone:delayed_nbt_loot"}],"name":"tombstone:magic_scroll"},{"entryName":"tombstone:gemstone_of_familiar_loot","weight":10,"quality":0,"type":"item","functions":[{"function":"tombstone:check_enabled"}],"name":"tombstone:gemstone_of_familiar"},{"entryName":"tombstone:voodoo_poppet_loot","weight":10,"quality":0,"type":"item","functions":[{"function":"tombstone:delayed_nbt_loot"}],"name":"tombstone:voodoo_poppet"},{"entryName":"tombstone:receptacle_of_familiar_loot","weight":10,"quality":0,"type":"item","functions":[{"function":"tombstone:delayed_nbt_loot"}],"name":"tombstone:receptacle_of_familiar"},{"entryName":"tombstone:fishing_rod_of_misadventure_loot","weight":20,"quality":0,"type":"item","functions":[{"function":"tombstone:delayed_nbt_loot"}],"name":"tombstone:fishing_rod_of_misadventure"},{"entryName":"tombstone:lost_tablet_loot","weight":100,"quality":0,"type":"item","functions":[{"function":"tombstone:check_enabled"}],"name":"tombstone:lost_tablet"},{"entryName":"tombstone:empty","weight":755,"quality":0,"type":"empty"}],"rolls":1.0}